Data,ID_Produto,Nome_Produto,Preco_Unitario,Promocao_Ativa,Lead_Time_Dias,Vendas_Historicas_Unidades,Estoque_Atual,Previsao_Demanda_30D
2023-01-01,PROD_A,Produto A,18.94,True,8,171,1129,187
2023-01-02,PROD_A,Produto A,20.82,False,8,148,1404,156
2023-01-03,PROD_A,Produto A,21.27,False,5,164,1479,175
2023-01-04,PROD_A,Produto A,20.19,False,9,183,1793,209
2023-01-05,PROD_A,Produto A,21.87,True,6,148,5253,179
2023-01-06,PROD_A,Produto A,18.21,False,8,149,5495,155
2023-01-07,PROD_A,Produto A,20.02,False,6,194,5240,224
2023-01-08,PROD_A,Produto A,20.87,False,5,195,5267,192
2023-01-09,PROD_A,Produto A,21.45,False,9,147,810,149
2023-01-10,PROD_A,Produto A,18.72,False,5,168,5496,175
2023-01-11,PROD_A,Produto A,21.2,False,6,149,4913,150
2023-01-12,PROD_A,Produto A,20.21,True,9,150,4589,149
2023-01-13,PROD_A,Produto A,19.59,False,9,165,4649,185
2023-01-14,PROD_A,Produto A,18.53,False,5,143,4619,155
2023-01-15,PROD_A,Produto A,21.46,False,8,146,4189,164
2023-01-16,PROD_A,Produto A,18.63,True,6,151,4176,173
2023-01-17,PROD_A,Produto A,19.24,False,7,143,3567,159
2023-01-18,PROD_A,Produto A,19.16,True,7,170,3776,193
2023-01-19,PROD_A,Produto A,21.49,False,5,147,3892,161
2023-01-20,PROD_A,Produto A,20.69,False,6,137,3827,138
2023-01-21,PROD_A,Produto A,21.19,False,6,213,3364,244
2023-01-22,PROD_A,Produto A,19.0,False,5,181,3918,193
2023-01-23,PROD_A,Produto A,20.5,False,6,169,2355,176
2023-01-24,PROD_A,Produto A,20.29,True,8,140,3231,152
2023-01-25,PROD_A,Produto A,21.33,False,5,159,3198,165
2023-01-26,PROD_A,Produto A,21.62,False,8,173,2587,186
2023-01-27,PROD_A,Produto A,18.05,False,6,148,3009,166
2023-01-28,PROD_A,Produto A,20.7,False,5,188,2738,210
2023-01-29,PROD_A,Produto A,18.21,False,6,175,1589,183
2023-01-30,PROD_A,Produto A,20.2,False,5,168,2521,179
2023-01-31,PROD_A,Produto A,19.15,False,6,162,1085,188
2023-02-01,PROD_A,Produto A,19.23,False,8,212,1339,238
2023-02-02,PROD_A,Produto A,19.41,False,8,175,1868,213
2023-02-03,PROD_A,Produto A,20.49,False,6,155,971,182
2023-02-04,PROD_A,Produto A,19.34,False,5,216,1096,249
2023-02-05,PROD_A,Produto A,20.93,True,7,171,1233,174
2023-02-06,PROD_A,Produto A,19.62,False,8,183,1135,208
2023-02-07,PROD_A,Produto A,18.27,False,8,140,1049,153
2023-02-08,PROD_A,Produto A,21.14,False,7,153,4628,162
2023-02-09,PROD_A,Produto A,19.14,True,6,185,5149,205
2023-02-10,PROD_A,Produto A,19.73,False,5,196,532,225
2023-02-11,PROD_A,Produto A,20.74,False,6,204,4639,229
2023-02-12,PROD_A,Produto A,19.33,False,9,193,4010,203
2023-02-13,PROD_A,Produto A,18.23,True,8,177,4753,202
2023-02-14,PROD_A,Produto A,19.5,False,9,154,4657,163
2023-02-15,PROD_A,Produto A,21.78,False,8,170,4651,189
2023-02-16,PROD_A,Produto A,20.57,False,8,176,3373,190
2023-02-17,PROD_A,Produto A,20.69,False,9,207,3930,225
2023-02-18,PROD_A,Produto A,20.53,False,9,213,3199,241
2023-02-19,PROD_A,Produto A,18.8,False,6,175,2680,182
2023-02-20,PROD_A,Produto A,19.67,False,9,194,2429,232
2023-02-21,PROD_A,Produto A,21.0,False,6,180,3396,179
2023-02-22,PROD_A,Produto A,18.41,False,6,175,3348,186
2023-02-23,PROD_A,Produto A,19.11,True,6,201,2825,224
2023-02-24,PROD_A,Produto A,19.11,True,8,210,2635,236
2023-02-25,PROD_A,Produto A,19.73,False,8,226,1794,247
2023-02-26,PROD_A,Produto A,21.92,False,9,189,2168,207
2023-02-27,PROD_A,Produto A,18.27,False,8,185,1024,207
2023-02-28,PROD_A,Produto A,20.07,False,9,198,1921,215
2023-03-01,PROD_A,Produto A,18.72,False,8,212,1095,247
2023-03-02,PROD_A,Produto A,21.88,False,5,183,966,209
2023-03-03,PROD_A,Produto A,18.45,True,5,189,515,216
2023-03-04,PROD_A,Produto A,19.61,False,9,179,795,187
2023-03-05,PROD_A,Produto A,20.95,False,8,185,5441,202
2023-03-06,PROD_A,Produto A,20.82,True,8,210,5027,227
2023-03-07,PROD_A,Produto A,19.69,False,6,222,5455,234
2023-03-08,PROD_A,Produto A,19.39,False,7,193,4692,215
2023-03-09,PROD_A,Produto A,19.59,False,9,215,4097,231
2023-03-10,PROD_A,Produto A,19.06,False,7,203,3943,229
2023-03-11,PROD_A,Produto A,18.82,False,7,196,4966,204
2023-03-12,PROD_A,Produto A,19.93,False,9,215,3718,253
2023-03-13,PROD_A,Produto A,19.07,False,8,227,3694,240
2023-03-14,PROD_A,Produto A,19.15,False,9,196,3452,217
2023-03-15,PROD_A,Produto A,20.63,False,7,228,4006,258
2023-03-16,PROD_A,Produto A,21.87,True,8,145,3577,153
2023-03-17,PROD_A,Produto A,20.41,False,5,214,3625,243
2023-03-18,PROD_A,Produto A,18.31,False,9,222,3519,231
2023-03-19,PROD_A,Produto A,18.3,False,9,214,1987,249
2023-03-20,PROD_A,Produto A,21.81,False,8,200,2223,220
2023-03-21,PROD_A,Produto A,19.19,False,5,159,2713,168
2023-03-22,PROD_A,Produto A,18.37,True,5,194,1746,210
2023-03-23,PROD_A,Produto A,20.4,False,8,206,1975,234
2023-03-24,PROD_A,Produto A,20.49,False,6,228,2792,244
2023-03-25,PROD_A,Produto A,20.59,True,9,198,2508,210
2023-03-26,PROD_A,Produto A,19.07,True,9,191,2910,207
2023-03-27,PROD_A,Produto A,18.06,False,7,189,2041,196
2023-03-28,PROD_A,Produto A,21.86,False,8,218,2091,258
2023-03-29,PROD_A,Produto A,19.0,False,7,206,2512,220
2023-03-30,PROD_A,Produto A,20.7,False,7,189,2166,216
2023-03-31,PROD_A,Produto A,20.83,False,5,210,2250,233
2023-04-01,PROD_A,Produto A,20.44,False,9,219,2657,231
2023-04-02,PROD_A,Produto A,19.25,False,7,236,2397,259
2023-04-03,PROD_A,Produto A,19.08,False,5,185,1983,211
2023-04-04,PROD_A,Produto A,20.39,False,8,193,1738,210
2023-04-05,PROD_A,Produto A,21.46,True,7,192,2881,223
2023-04-06,PROD_A,Produto A,21.79,False,9,170,2165,197
2023-04-07,PROD_A,Produto A,18.42,False,7,205,2812,234
2023-04-08,PROD_A,Produto A,18.62,False,8,228,2141,246
2023-04-09,PROD_A,Produto A,21.78,True,7,214,2253,224
2023-04-10,PROD_A,Produto A,20.95,True,9,194,2582,207
2023-04-11,PROD_A,Produto A,21.53,False,5,171,2577,190
2023-04-12,PROD_A,Produto A,18.81,False,9,190,2502,214
2023-04-13,PROD_A,Produto A,20.35,False,5,192,2399,189
2023-04-14,PROD_A,Produto A,20.8,False,6,182,2490,200
2023-04-15,PROD_A,Produto A,20.72,False,9,217,2135,240
2023-04-16,PROD_A,Produto A,19.63,True,9,221,2557,240
2023-04-17,PROD_A,Produto A,18.06,False,8,236,3040,272
2023-04-18,PROD_A,Produto A,20.33,True,7,201,2485,225
2023-04-19,PROD_A,Produto A,19.01,False,5,203,1725,236
2023-04-20,PROD_A,Produto A,19.8,False,5,196,2728,213
2023-04-21,PROD_A,Produto A,21.83,False,8,159,1833,184
2023-04-22,PROD_A,Produto A,19.6,True,8,220,2764,258
2023-04-23,PROD_A,Produto A,21.36,True,7,217,2775,251
2023-04-24,PROD_A,Produto A,18.75,False,7,245,2469,258
2023-04-25,PROD_A,Produto A,20.69,False,9,192,1816,208
2023-04-26,PROD_A,Produto A,21.91,False,6,201,1638,217
2023-04-27,PROD_A,Produto A,18.41,False,7,194,2261,218
2023-04-28,PROD_A,Produto A,18.03,False,8,171,2655,194
2023-04-29,PROD_A,Produto A,19.73,False,7,232,2724,246
2023-04-30,PROD_A,Produto A,18.37,False,5,230,1949,253
2023-05-01,PROD_A,Produto A,20.99,False,6,209,2485,209
2023-05-02,PROD_A,Produto A,21.66,False,9,175,2393,206
2023-05-03,PROD_A,Produto A,19.74,True,5,221,2011,237
2023-05-04,PROD_A,Produto A,19.03,False,5,164,2256,180
2023-05-05,PROD_A,Produto A,19.74,True,6,203,1926,220
2023-05-06,PROD_A,Produto A,20.89,True,9,246,2910,282
2023-05-07,PROD_A,Produto A,18.04,False,8,179,3090,168
2023-05-08,PROD_A,Produto A,20.36,True,9,179,3084,196
2023-05-09,PROD_A,Produto A,20.45,False,7,192,2514,210
2023-05-10,PROD_A,Produto A,20.55,False,5,179,2271,192
2023-05-11,PROD_A,Produto A,18.97,False,7,158,2460,191
2023-05-12,PROD_A,Produto A,20.86,False,8,190,2645,200
2023-05-13,PROD_A,Produto A,18.37,True,7,174,2139,199
2023-05-14,PROD_A,Produto A,18.8,False,9,220,2255,245
2023-05-15,PROD_A,Produto A,21.51,False,7,168,2952,197
2023-05-16,PROD_A,Produto A,20.95,False,8,217,2359,232
2023-05-17,PROD_A,Produto A,18.05,False,8,170,2088,179
2023-05-18,PROD_A,Produto A,18.99,True,8,178,1831,206
2023-05-19,PROD_A,Produto A,18.86,False,9,200,2755,224
2023-05-20,PROD_A,Produto A,19.08,False,8,180,2651,182
2023-05-21,PROD_A,Produto A,18.99,False,5,210,2423,225
2023-05-22,PROD_A,Produto A,18.25,False,8,208,2096,232
2023-05-23,PROD_A,Produto A,19.84,False,7,149,2493,172
2023-05-24,PROD_A,Produto A,20.93,False,7,185,2079,196
2023-05-25,PROD_A,Produto A,20.43,True,7,185,1872,174
2023-05-26,PROD_A,Produto A,20.69,False,9,195,2371,219
2023-05-27,PROD_A,Produto A,18.32,False,7,166,3081,170
2023-05-28,PROD_A,Produto A,21.81,False,9,168,2600,164
2023-05-29,PROD_A,Produto A,21.35,False,9,188,2473,178
2023-05-30,PROD_A,Produto A,21.22,False,8,183,1855,209
2023-05-31,PROD_A,Produto A,21.29,True,5,181,2949,200
2023-06-01,PROD_A,Produto A,21.73,True,8,232,2097,252
2023-06-02,PROD_A,Produto A,20.18,False,8,213,2298,248
2023-06-03,PROD_A,Produto A,18.8,False,9,217,2663,245
2023-06-04,PROD_A,Produto A,20.47,False,9,220,1835,258
2023-06-05,PROD_A,Produto A,20.97,False,7,223,2474,231
2023-06-06,PROD_A,Produto A,20.95,False,7,258,1754,283
2023-06-07,PROD_A,Produto A,20.09,True,8,252,2524,261
2023-06-08,PROD_A,Produto A,18.27,False,6,183,2772,199
2023-06-09,PROD_A,Produto A,19.48,False,6,215,2029,234
2023-06-10,PROD_A,Produto A,21.68,True,7,246,3065,276
2023-06-11,PROD_A,Produto A,20.34,False,6,254,2937,279
2023-06-12,PROD_A,Produto A,20.15,False,7,225,2889,253
2023-06-13,PROD_A,Produto A,19.08,True,9,177,1705,201
2023-06-14,PROD_A,Produto A,19.47,False,8,242,2175,287
2023-06-15,PROD_A,Produto A,21.58,False,5,234,3018,254
2023-06-16,PROD_A,Produto A,20.67,True,8,250,3089,265
2023-06-17,PROD_A,Produto A,21.15,False,7,241,1997,267
2023-06-18,PROD_A,Produto A,19.82,False,7,213,3033,226
2023-06-19,PROD_A,Produto A,20.52,False,8,204,2694,239
2023-06-20,PROD_A,Produto A,18.99,False,7,184,1861,199
2023-06-21,PROD_A,Produto A,20.82,False,6,180,2937,192
2023-06-22,PROD_A,Produto A,19.71,False,6,222,2539,239
2023-06-23,PROD_A,Produto A,19.77,False,7,211,1885,239
2023-06-24,PROD_A,Produto A,20.6,True,7,225,2763,245
2023-06-25,PROD_A,Produto A,21.75,False,6,215,2331,230
2023-06-26,PROD_A,Produto A,18.26,False,7,203,2891,239
2023-06-27,PROD_A,Produto A,21.3,False,7,261,1689,278
2023-06-28,PROD_A,Produto A,19.17,True,8,179,1676,197
2023-06-29,PROD_A,Produto A,19.78,False,5,256,3025,288
2023-06-30,PROD_A,Produto A,18.09,False,6,209,1658,213
2023-07-01,PROD_A,Produto A,19.2,False,8,156,2420,176
2023-07-02,PROD_A,Produto A,20.01,True,5,136,3086,139
2023-07-03,PROD_A,Produto A,18.22,False,7,159,2661,183
2023-07-04,PROD_A,Produto A,19.96,False,7,144,2351,148
2023-07-05,PROD_A,Produto A,21.71,False,8,161,2444,184
2023-07-06,PROD_A,Produto A,18.42,False,7,156,2375,182
2023-07-07,PROD_A,Produto A,21.06,False,9,144,1971,167
2023-07-08,PROD_A,Produto A,19.64,False,8,147,2941,164
2023-07-09,PROD_A,Produto A,20.62,False,5,127,1902,137
2023-07-10,PROD_A,Produto A,19.04,False,8,134,1729,141
2023-07-11,PROD_A,Produto A,18.64,False,6,159,2636,189
2023-07-12,PROD_A,Produto A,18.64,False,8,145,2823,152
2023-07-13,PROD_A,Produto A,18.28,False,7,115,2163,116
2023-07-14,PROD_A,Produto A,18.74,True,7,143,1644,163
2023-07-15,PROD_A,Produto A,20.66,True,9,168,2462,176
2023-07-16,PROD_A,Produto A,21.53,False,9,128,2410,131
2023-07-17,PROD_A,Produto A,21.26,False,9,140,2357,139
2023-07-18,PROD_A,Produto A,20.74,False,5,137,1676,145
2023-07-19,PROD_A,Produto A,18.44,False,9,112,1799,122
2023-07-20,PROD_A,Produto A,19.16,True,5,142,1851,158
2023-07-21,PROD_A,Produto A,19.24,False,9,145,1962,169
2023-07-22,PROD_A,Produto A,19.0,False,5,179,2096,202
2023-07-23,PROD_A,Produto A,20.06,False,8,177,2195,192
2023-07-24,PROD_A,Produto A,20.14,False,8,104,2074,112
2023-07-25,PROD_A,Produto A,19.43,False,7,112,2875,128
2023-07-26,PROD_A,Produto A,19.42,False,5,140,1908,166
2023-07-27,PROD_A,Produto A,21.31,False,6,139,2856,154
2023-07-28,PROD_A,Produto A,21.16,False,7,138,1877,147
2023-07-29,PROD_A,Produto A,19.23,False,8,214,2149,225
2023-07-30,PROD_A,Produto A,21.66,False,5,157,2306,158
2023-07-31,PROD_A,Produto A,21.81,False,9,149,2548,170
2023-08-01,PROD_A,Produto A,19.31,False,6,144,1848,164
2023-08-02,PROD_A,Produto A,19.42,False,8,137,2869,156
2023-08-03,PROD_A,Produto A,20.02,False,7,117,2215,127
2023-08-04,PROD_A,Produto A,21.76,False,5,138,2054,165
2023-08-05,PROD_A,Produto A,21.51,True,6,120,2501,127
2023-08-06,PROD_A,Produto A,18.41,False,5,135,2640,158
2023-08-07,PROD_A,Produto A,19.57,False,9,111,2021,121
2023-08-08,PROD_A,Produto A,20.21,False,7,122,2241,128
2023-08-09,PROD_A,Produto A,20.01,False,5,166,1707,188
2023-08-10,PROD_A,Produto A,18.78,False,8,81,2203,93
2023-08-11,PROD_A,Produto A,21.44,False,7,132,1928,148
2023-08-12,PROD_A,Produto A,20.71,False,8,95,2525,105
2023-08-13,PROD_A,Produto A,21.35,True,5,122,1962,133
2023-08-14,PROD_A,Produto A,21.44,False,7,138,2055,175
2023-08-15,PROD_A,Produto A,20.99,True,8,117,1796,140
2023-08-16,PROD_A,Produto A,19.76,False,9,93,1758,109
2023-08-17,PROD_A,Produto A,20.44,False,9,100,1813,111
2023-08-18,PROD_A,Produto A,18.64,True,5,127,2829,149
2023-08-19,PROD_A,Produto A,20.69,False,7,119,2861,136
2023-08-20,PROD_A,Produto A,18.72,False,6,138,2807,152
2023-08-21,PROD_A,Produto A,20.78,True,7,113,2804,121
2023-08-22,PROD_A,Produto A,18.92,False,9,98,2562,106
2023-08-23,PROD_A,Produto A,18.47,False,8,154,2144,137
2023-08-24,PROD_A,Produto A,18.66,False,6,123,2685,137
2023-08-25,PROD_A,Produto A,18.01,False,5,69,2534,71
2023-08-26,PROD_A,Produto A,20.87,False,6,130,1829,158
2023-08-27,PROD_A,Produto A,20.93,False,5,104,2360,114
2023-08-28,PROD_A,Produto A,20.06,False,6,125,2481,125
2023-08-29,PROD_A,Produto A,18.65,False,5,92,2918,100
2023-08-30,PROD_A,Produto A,18.33,True,5,105,2573,105
2023-08-31,PROD_A,Produto A,18.08,False,6,117,2922,133
2023-09-01,PROD_A,Produto A,18.66,False,6,124,2894,139
2023-09-02,PROD_A,Produto A,21.56,True,5,103,2953,122
2023-09-03,PROD_A,Produto A,18.97,True,9,115,2452,118
2023-09-04,PROD_A,Produto A,19.42,False,6,96,1759,105
2023-09-05,PROD_A,Produto A,18.42,False,7,92,2411,87
2023-09-06,PROD_A,Produto A,18.89,False,8,140,2165,161
2023-09-07,PROD_A,Produto A,20.08,False,5,112,2636,128
2023-09-08,PROD_A,Produto A,20.43,True,5,78,1676,90
2023-09-09,PROD_A,Produto A,18.98,False,8,132,1731,145
2023-09-10,PROD_A,Produto A,18.23,True,9,160,1624,180
2023-09-11,PROD_A,Produto A,19.56,False,8,123,3053,151
2023-09-12,PROD_A,Produto A,18.94,False,6,72,3057,76
2023-09-13,PROD_A,Produto A,18.88,False,8,92,2825,102
2023-09-14,PROD_A,Produto A,21.84,False,5,127,2656,128
2023-09-15,PROD_A,Produto A,20.47,False,8,87,2982,87
2023-09-16,PROD_A,Produto A,20.23,False,7,133,2902,147
2023-09-17,PROD_A,Produto A,19.66,False,6,126,1709,149
2023-09-18,PROD_A,Produto A,19.72,False,8,82,2235,87
2023-09-19,PROD_A,Produto A,20.16,False,5,99,2510,106
2023-09-20,PROD_A,Produto A,20.79,False,6,36,2317,50
2023-09-21,PROD_A,Produto A,20.81,False,5,80,2893,82
2023-09-22,PROD_A,Produto A,18.69,False,9,95,2898,107
2023-09-23,PROD_A,Produto A,20.0,True,7,88,2517,81
2023-09-24,PROD_A,Produto A,19.65,False,9,152,2590,180
2023-09-25,PROD_A,Produto A,21.48,False,7,71,2751,71
2023-09-26,PROD_A,Produto A,20.53,True,8,91,2287,107
2023-09-27,PROD_A,Produto A,20.13,False,6,102,2213,99
2023-09-28,PROD_A,Produto A,18.46,True,8,128,2208,147
2023-09-29,PROD_A,Produto A,20.42,False,7,71,2104,84
2023-09-30,PROD_A,Produto A,18.47,False,7,135,2601,152
2023-10-01,PROD_A,Produto A,19.35,False,7,109,2591,109
2023-10-02,PROD_A,Produto A,18.57,False,5,80,2901,90
2023-10-03,PROD_A,Produto A,20.77,False,6,109,2258,108
2023-10-04,PROD_A,Produto A,18.83,False,8,104,2616,111
2023-10-05,PROD_A,Produto A,19.57,False,8,88,1901,107
2023-10-06,PROD_A,Produto A,21.58,False,9,101,2605,119
2023-10-07,PROD_A,Produto A,18.82,False,7,115,2731,126
2023-10-08,PROD_A,Produto A,20.03,False,7,114,2847,115
2023-10-09,PROD_A,Produto A,19.68,True,7,113,1635,130
2023-10-10,PROD_A,Produto A,18.07,False,8,132,2794,145
2023-10-11,PROD_A,Produto A,21.17,False,9,75,2555,59
2023-10-12,PROD_A,Produto A,18.28,False,5,143,1873,165
2023-10-13,PROD_A,Produto A,19.9,True,6,61,2831,66
2023-10-14,PROD_A,Produto A,20.24,True,5,120,1948,144
2023-10-15,PROD_A,Produto A,20.51,False,8,132,2163,134
2023-10-16,PROD_A,Produto A,20.75,False,7,107,2402,85
2023-10-17,PROD_A,Produto A,19.01,False,6,89,2616,100
2023-10-18,PROD_A,Produto A,18.04,False,8,97,3040,109
2023-10-19,PROD_A,Produto A,20.89,False,8,92,3102,84
2023-10-20,PROD_A,Produto A,20.14,False,8,90,2973,89
2023-10-21,PROD_A,Produto A,21.34,False,6,130,2464,170
2023-10-22,PROD_A,Produto A,21.29,False,6,132,2812,142
2023-10-23,PROD_A,Produto A,21.37,False,9,89,1985,105
2023-10-24,PROD_A,Produto A,19.94,True,9,121,2821,126
2023-10-25,PROD_A,Produto A,19.33,False,5,110,2274,100
2023-10-26,PROD_A,Produto A,21.17,False,6,120,3005,130
2023-10-27,PROD_A,Produto A,19.81,False,6,117,2379,126
2023-10-28,PROD_A,Produto A,18.73,False,6,106,2258,112
2023-10-29,PROD_A,Produto A,21.42,False,9,117,2683,127
2023-10-30,PROD_A,Produto A,21.53,False,8,120,2543,134
2023-10-31,PROD_A,Produto A,19.87,False,7,118,2035,128
2023-11-01,PROD_A,Produto A,18.3,False,9,153,2998,155
2023-11-02,PROD_A,Produto A,19.55,False,6,139,1874,157
2023-11-03,PROD_A,Produto A,21.21,False,9,203,2786,203
2023-11-04,PROD_A,Produto A,21.61,False,5,189,2329,187
2023-11-05,PROD_A,Produto A,18.81,True,6,206,2196,233
2023-11-06,PROD_A,Produto A,18.27,False,5,150,2519,170
2023-11-07,PROD_A,Produto A,21.51,False,6,152,1630,166
2023-11-08,PROD_A,Produto A,19.56,False,9,199,1645,204
2023-11-09,PROD_A,Produto A,20.17,False,8,206,2576,219
2023-11-10,PROD_A,Produto A,21.87,False,7,167,2040,181
2023-11-11,PROD_A,Produto A,18.27,False,5,230,2864,237
2023-11-12,PROD_A,Produto A,20.59,True,9,172,2115,181
2023-11-13,PROD_A,Produto A,18.3,False,8,161,2880,183
2023-11-14,PROD_A,Produto A,19.5,True,9,182,1856,214
2023-11-15,PROD_A,Produto A,21.22,False,5,159,2628,170
2023-11-16,PROD_A,Produto A,19.73,False,7,139,1838,160
2023-11-17,PROD_A,Produto A,21.99,False,9,162,2080,159
2023-11-18,PROD_A,Produto A,20.24,False,6,173,2282,196
2023-11-19,PROD_A,Produto A,19.28,False,8,149,2254,155
2023-11-20,PROD_A,Produto A,18.88,False,9,230,2787,256
2023-11-21,PROD_A,Produto A,19.4,False,8,174,2609,188
2023-11-22,PROD_A,Produto A,19.49,False,6,170,1808,200
2023-11-23,PROD_A,Produto A,18.27,True,7,212,1874,224
2023-11-24,PROD_A,Produto A,19.48,False,7,186,1687,210
2023-11-25,PROD_A,Produto A,19.86,False,6,207,2235,224
2023-11-26,PROD_A,Produto A,20.89,False,8,195,1955,212
2023-11-27,PROD_A,Produto A,20.63,False,9,153,2290,166
2023-11-28,PROD_A,Produto A,20.84,False,6,144,2440,149
2023-11-29,PROD_A,Produto A,18.03,False,5,190,2493,208
2023-11-30,PROD_A,Produto A,18.87,True,8,170,3052,186
2023-12-01,PROD_A,Produto A,20.65,False,7,213,1919,236
2023-12-02,PROD_A,Produto A,19.94,False,6,188,1976,207
2023-12-03,PROD_A,Produto A,18.02,True,7,217,1875,246
2023-12-04,PROD_A,Produto A,21.22,False,8,163,2627,188
2023-12-05,PROD_A,Produto A,21.09,True,7,250,1972,264
2023-12-06,PROD_A,Produto A,20.19,False,6,163,2143,187
2023-12-07,PROD_A,Produto A,18.27,False,8,225,2569,235
2023-12-08,PROD_A,Produto A,21.07,False,5,213,2375,240
2023-12-09,PROD_A,Produto A,20.33,False,6,201,1903,227
2023-12-10,PROD_A,Produto A,21.13,False,9,247,2955,252
2023-12-11,PROD_A,Produto A,21.01,False,6,204,1718,225
2023-12-12,PROD_A,Produto A,21.21,True,8,238,1816,257
2023-12-13,PROD_A,Produto A,20.07,False,6,186,2101,197
2023-12-14,PROD_A,Produto A,18.56,False,5,201,2497,234
2023-12-15,PROD_A,Produto A,20.68,False,5,196,2869,209
2023-12-16,PROD_A,Produto A,20.48,False,9,253,2234,270
2023-12-17,PROD_A,Produto A,20.97,False,7,244,2237,269
2023-12-18,PROD_A,Produto A,18.68,True,8,250,3008,281
2023-12-19,PROD_A,Produto A,18.78,True,8,240,1987,262
2023-12-20,PROD_A,Produto A,21.56,False,7,222,2189,255
2023-12-21,PROD_A,Produto A,21.0,False,5,192,2209,216
2023-12-22,PROD_A,Produto A,21.63,True,5,182,2718,178
2023-12-23,PROD_A,Produto A,21.03,False,6,218,2685,234
2023-12-24,PROD_A,Produto A,20.39,False,9,218,2041,234
2023-12-25,PROD_A,Produto A,20.62,False,9,204,2455,229
2023-12-26,PROD_A,Produto A,21.56,False,9,177,2824,168
2023-12-27,PROD_A,Produto A,20.32,True,6,237,2164,286
2023-12-28,PROD_A,Produto A,20.53,False,9,288,1690,322
2023-12-29,PROD_A,Produto A,18.63,False,7,208,2748,230
2023-12-30,PROD_A,Produto A,19.9,True,6,299,2843,340
2023-12-31,PROD_A,Produto A,20.87,True,7,240,2744,287
2024-01-01,PROD_A,Produto A,19.08,False,6,142,2387,164
2024-01-02,PROD_A,Produto A,18.81,False,9,155,1926,179
2024-01-03,PROD_A,Produto A,19.26,False,7,152,1996,168
2024-01-04,PROD_A,Produto A,18.97,False,7,154,2274,167
2024-01-05,PROD_A,Produto A,18.86,False,7,138,2297,147
2024-01-06,PROD_A,Produto A,19.7,False,6,166,2018,174
2024-01-07,PROD_A,Produto A,21.63,False,8,176,1840,186
2024-01-08,PROD_A,Produto A,20.03,False,9,185,1801,189
2024-01-09,PROD_A,Produto A,18.75,False,7,176,1926,192
2024-01-10,PROD_A,Produto A,18.31,False,8,201,2141,204
2024-01-11,PROD_A,Produto A,20.78,False,9,143,3039,159
2024-01-12,PROD_A,Produto A,19.53,False,9,177,2633,194
2024-01-13,PROD_A,Produto A,21.29,False,7,178,1623,197
2024-01-14,PROD_A,Produto A,20.64,False,7,222,2482,238
2024-01-15,PROD_A,Produto A,21.18,False,6,146,2467,191
2024-01-16,PROD_A,Produto A,19.09,False,8,146,2423,174
2024-01-17,PROD_A,Produto A,20.77,False,8,151,2924,153
2024-01-18,PROD_A,Produto A,19.06,False,7,122,1834,136
2024-01-19,PROD_A,Produto A,21.76,False,9,155,2591,164
2024-01-20,PROD_A,Produto A,20.55,True,7,162,3063,168
2024-01-21,PROD_A,Produto A,19.3,False,9,187,1720,192
2024-01-22,PROD_A,Produto A,19.08,False,9,174,2582,195
2024-01-23,PROD_A,Produto A,18.76,False,7,206,2192,219
2024-01-24,PROD_A,Produto A,20.78,False,5,188,2952,216
2024-01-25,PROD_A,Produto A,18.87,False,8,158,2277,183
2024-01-26,PROD_A,Produto A,20.38,False,9,153,2558,182
2024-01-27,PROD_A,Produto A,19.06,False,9,189,2706,199
2024-01-28,PROD_A,Produto A,20.65,False,5,158,1845,178
2024-01-29,PROD_A,Produto A,21.26,True,6,210,1724,237
2024-01-30,PROD_A,Produto A,21.11,False,5,197,2391,211
2024-01-31,PROD_A,Produto A,21.04,False,5,165,3068,173
2024-02-01,PROD_A,Produto A,18.75,False,9,141,2898,171
2024-02-02,PROD_A,Produto A,18.35,True,8,203,2048,225
2024-02-03,PROD_A,Produto A,20.8,True,5,196,2053,221
2024-02-04,PROD_A,Produto A,19.47,False,6,226,2850,240
2024-02-05,PROD_A,Produto A,19.73,False,7,146,2671,148
2024-02-06,PROD_A,Produto A,18.12,False,5,167,2301,178
2024-02-07,PROD_A,Produto A,19.04,False,5,180,2979,196
2024-02-08,PROD_A,Produto A,18.13,True,6,181,2207,188
2024-02-09,PROD_A,Produto A,21.52,False,8,172,2712,189
2024-02-10,PROD_A,Produto A,18.97,False,5,204,2485,207
2024-02-11,PROD_A,Produto A,20.23,False,5,180,2365,186
2024-02-12,PROD_A,Produto A,18.16,False,8,180,2810,204
2024-02-13,PROD_A,Produto A,20.67,True,6,186,2483,210
2024-02-14,PROD_A,Produto A,19.29,True,5,194,1987,209
2024-02-15,PROD_A,Produto A,21.59,False,8,199,1870,208
2024-02-16,PROD_A,Produto A,21.55,True,5,163,2478,169
2024-02-17,PROD_A,Produto A,19.3,True,7,164,2475,176
2024-02-18,PROD_A,Produto A,21.6,False,9,220,2813,248
2024-02-19,PROD_A,Produto A,21.98,False,7,194,2733,222
2024-02-20,PROD_A,Produto A,21.3,False,5,173,2180,185
2024-02-21,PROD_A,Produto A,21.38,False,6,219,3089,229
2024-02-22,PROD_A,Produto A,19.0,False,9,191,1913,212
2024-02-23,PROD_A,Produto A,20.31,False,7,213,2538,226
2024-02-24,PROD_A,Produto A,18.27,False,8,215,2793,231
2024-02-25,PROD_A,Produto A,18.38,True,6,254,2775,292
2024-02-26,PROD_A,Produto A,22.0,False,7,226,2052,256
2024-02-27,PROD_A,Produto A,19.31,True,8,186,1678,206
2024-02-28,PROD_A,Produto A,20.99,False,5,211,2588,219
2024-02-29,PROD_A,Produto A,21.23,False,8,205,2455,227
2024-03-01,PROD_A,Produto A,21.43,False,7,220,1818,252
2024-03-02,PROD_A,Produto A,21.99,False,7,186,1834,200
2024-03-03,PROD_A,Produto A,18.97,False,5,229,2517,265
2024-03-04,PROD_A,Produto A,18.16,False,8,215,2091,249
2024-03-05,PROD_A,Produto A,19.64,True,8,159,1866,191
2024-03-06,PROD_A,Produto A,18.52,False,5,171,2001,191
2024-03-07,PROD_A,Produto A,18.09,False,8,154,2610,175
2024-03-08,PROD_A,Produto A,19.44,False,5,190,2882,223
2024-03-09,PROD_A,Produto A,21.13,False,6,220,2546,246
2024-03-10,PROD_A,Produto A,20.26,False,7,240,3010,258
2024-03-11,PROD_A,Produto A,19.25,False,6,198,2811,213
2024-03-12,PROD_A,Produto A,20.62,False,9,229,2179,254
2024-03-13,PROD_A,Produto A,18.93,False,9,169,2694,172
2024-03-14,PROD_A,Produto A,18.06,False,9,163,2308,177
2024-03-15,PROD_A,Produto A,21.06,False,5,196,1999,226
2024-03-16,PROD_A,Produto A,20.49,False,8,223,2093,223
2024-03-17,PROD_A,Produto A,21.05,True,6,214,2723,250
2024-03-18,PROD_A,Produto A,18.16,False,6,157,2316,183
2024-03-19,PROD_A,Produto A,21.35,True,6,197,3010,212
2024-03-20,PROD_A,Produto A,20.48,False,6,172,3104,194
2024-03-21,PROD_A,Produto A,20.25,True,9,212,2530,233
2024-03-22,PROD_A,Produto A,20.5,False,6,206,3095,238
2024-03-23,PROD_A,Produto A,21.46,False,8,196,3107,225
2024-03-24,PROD_A,Produto A,20.35,True,9,210,2579,216
2024-03-25,PROD_A,Produto A,20.32,False,6,178,2097,201
2024-03-26,PROD_A,Produto A,21.96,False,5,198,2623,215
2024-03-27,PROD_A,Produto A,21.03,False,7,218,2545,240
2024-03-28,PROD_A,Produto A,19.77,True,7,180,3063,190
2024-03-29,PROD_A,Produto A,20.83,False,7,210,2326,248
2024-03-30,PROD_A,Produto A,19.56,False,9,209,2857,240
2024-03-31,PROD_A,Produto A,18.92,True,6,193,3012,204
2024-04-01,PROD_A,Produto A,20.39,True,9,197,2473,203
2024-04-02,PROD_A,Produto A,21.71,False,8,179,2757,193
2024-04-03,PROD_A,Produto A,21.72,False,5,188,2636,211
2024-04-04,PROD_A,Produto A,19.37,False,5,175,2373,194
2024-04-05,PROD_A,Produto A,20.11,False,7,239,2122,275
2024-04-06,PROD_A,Produto A,18.85,False,7,210,2436,238
2024-04-07,PROD_A,Produto A,21.98,False,7,199,2207,228
2024-04-08,PROD_A,Produto A,21.92,True,6,203,2954,226
2024-04-09,PROD_A,Produto A,20.6,False,8,197,3112,202
2024-04-10,PROD_A,Produto A,21.22,False,8,194,2327,211
2024-04-11,PROD_A,Produto A,20.86,False,8,211,2687,242
2024-04-12,PROD_A,Produto A,20.37,False,8,214,3058,234
2024-04-13,PROD_A,Produto A,18.21,False,7,198,2889,222
2024-04-14,PROD_A,Produto A,19.82,True,5,204,2727,221
2024-04-15,PROD_A,Produto A,20.7,False,7,193,1826,202
2024-04-16,PROD_A,Produto A,20.71,True,8,152,1770,165
2024-04-17,PROD_A,Produto A,19.49,False,7,167,2287,186
2024-04-18,PROD_A,Produto A,21.77,True,8,225,2147,240
2024-04-19,PROD_A,Produto A,18.67,True,9,230,1784,250
2024-04-20,PROD_A,Produto A,20.0,False,5,206,2536,217
2024-04-21,PROD_A,Produto A,20.76,False,9,224,2788,257
2024-04-22,PROD_A,Produto A,20.79,False,6,202,2629,219
2024-04-23,PROD_A,Produto A,20.59,False,7,257,1656,297
2024-04-24,PROD_A,Produto A,19.1,True,6,218,1952,255
2024-04-25,PROD_A,Produto A,18.62,True,7,193,2022,211
2024-04-26,PROD_A,Produto A,20.54,False,9,176,2033,183
2024-04-27,PROD_A,Produto A,20.4,False,8,186,1664,183
2024-04-28,PROD_A,Produto A,18.72,False,8,216,3045,222
2024-04-29,PROD_A,Produto A,20.82,False,7,179,1825,183
2024-04-30,PROD_A,Produto A,19.82,False,8,165,1681,195
2024-05-01,PROD_A,Produto A,20.67,False,9,180,2039,199
2024-05-02,PROD_A,Produto A,21.35,False,8,171,2487,191
2024-05-03,PROD_A,Produto A,18.68,False,9,226,3111,226
2024-05-04,PROD_A,Produto A,18.08,False,6,223,2439,233
2024-05-05,PROD_A,Produto A,21.12,False,9,212,1638,242
2024-05-06,PROD_A,Produto A,20.44,False,5,220,1984,244
2024-05-07,PROD_A,Produto A,20.8,False,5,192,2943,209
2024-05-08,PROD_A,Produto A,21.35,False,5,172,2650,194
2024-05-09,PROD_A,Produto A,21.21,False,7,220,2047,258
2024-05-10,PROD_A,Produto A,21.84,False,7,199,2760,216
2024-05-11,PROD_A,Produto A,20.14,False,7,178,2199,196
2024-05-12,PROD_A,Produto A,19.95,False,9,197,2165,218
2024-05-13,PROD_A,Produto A,19.61,False,7,169,1944,209
2024-05-14,PROD_A,Produto A,18.61,False,6,159,1674,153
2024-05-15,PROD_A,Produto A,20.29,False,5,204,2397,231
2024-05-16,PROD_A,Produto A,19.11,False,9,223,2611,244
2024-05-17,PROD_A,Produto A,21.69,False,5,157,1661,178
2024-05-18,PROD_A,Produto A,20.33,False,7,212,2940,226
2024-05-19,PROD_A,Produto A,20.37,False,9,184,1850,201
2024-05-20,PROD_A,Produto A,19.42,True,8,173,2072,197
2024-05-21,PROD_A,Produto A,18.21,False,6,170,2013,218
2024-05-22,PROD_A,Produto A,18.13,True,7,164,3001,188
2024-05-23,PROD_A,Produto A,19.69,False,7,182,3087,191
2024-05-24,PROD_A,Produto A,18.34,False,6,163,2771,175
2024-05-25,PROD_A,Produto A,20.43,True,6,205,2310,220
2024-05-26,PROD_A,Produto A,21.52,True,8,199,3048,200
2024-05-27,PROD_A,Produto A,21.53,False,7,173,2011,186
2024-05-28,PROD_A,Produto A,20.64,False,7,159,2836,182
2024-05-29,PROD_A,Produto A,18.84,False,5,165,2223,168
2024-05-30,PROD_A,Produto A,21.45,True,9,191,2500,220
2024-05-31,PROD_A,Produto A,21.54,False,9,185,2721,208
2024-06-01,PROD_A,Produto A,18.79,False,5,230,1704,245
2024-06-02,PROD_A,Produto A,20.95,False,9,244,2673,266
2024-06-03,PROD_A,Produto A,19.15,False,6,248,1668,288
2024-06-04,PROD_A,Produto A,21.21,False,9,166,2788,189
2024-06-05,PROD_A,Produto A,21.99,False,9,215,1688,236
2024-06-06,PROD_A,Produto A,18.12,False,5,189,2701,205
2024-06-07,PROD_A,Produto A,21.59,False,8,238,2316,262
2024-06-08,PROD_A,Produto A,20.49,False,9,200,2098,214
2024-06-09,PROD_A,Produto A,21.89,True,9,206,2439,205
2024-06-10,PROD_A,Produto A,19.86,False,8,172,3088,209
2024-06-11,PROD_A,Produto A,21.39,True,5,240,2939,265
2024-06-12,PROD_A,Produto A,18.25,False,8,197,2814,220
2024-06-13,PROD_A,Produto A,19.34,False,5,176,1766,193
2024-06-14,PROD_A,Produto A,18.27,False,6,245,2949,262
2024-06-15,PROD_A,Produto A,21.9,True,5,196,2635,213
2024-06-16,PROD_A,Produto A,21.27,True,6,238,2228,245
2024-06-17,PROD_A,Produto A,21.41,False,6,211,2065,254
2024-06-18,PROD_A,Produto A,21.75,True,5,175,1840,180
2024-06-19,PROD_A,Produto A,18.34,True,7,239,3021,252
2024-06-20,PROD_A,Produto A,19.54,False,5,210,2909,226
2024-06-21,PROD_A,Produto A,18.28,False,9,177,1714,207
2024-06-22,PROD_A,Produto A,18.84,False,9,236,1881,259
2024-06-23,PROD_A,Produto A,18.92,False,7,190,2516,196
2024-06-24,PROD_A,Produto A,19.88,True,6,198,2714,230
2024-06-25,PROD_A,Produto A,19.07,False,7,194,1838,220
2024-06-26,PROD_A,Produto A,18.4,False,9,205,1711,230
2024-06-27,PROD_A,Produto A,18.67,False,7,241,1746,272
2024-06-28,PROD_A,Produto A,18.59,False,5,161,1699,201
2024-06-29,PROD_A,Produto A,21.89,False,7,197,2881,238
2024-06-30,PROD_A,Produto A,21.04,False,6,227,2602,242
2024-07-01,PROD_A,Produto A,21.87,False,5,145,3015,175
2024-07-02,PROD_A,Produto A,19.76,False,8,156,2535,175
2024-07-03,PROD_A,Produto A,19.11,False,9,136,2105,154
2024-07-04,PROD_A,Produto A,21.19,False,9,149,2313,146
2024-07-05,PROD_A,Produto A,19.31,False,7,143,1644,155
2024-07-06,PROD_A,Produto A,19.2,False,5,180,1775,189
2024-07-07,PROD_A,Produto A,18.93,True,8,161,2251,185
2024-07-08,PROD_A,Produto A,18.52,False,5,150,2700,175
2024-07-09,PROD_A,Produto A,19.03,False,9,134,1638,126
2024-07-10,PROD_A,Produto A,19.42,False,5,132,3027,144
2024-07-11,PROD_A,Produto A,20.7,False,8,132,2836,156
2024-07-12,PROD_A,Produto A,18.25,False,7,148,1856,160
2024-07-13,PROD_A,Produto A,18.84,False,6,151,3030,173
2024-07-14,PROD_A,Produto A,21.24,False,5,166,3069,186
2024-07-15,PROD_A,Produto A,18.59,True,6,179,1896,200
2024-07-16,PROD_A,Produto A,19.37,True,9,154,2870,166
2024-07-17,PROD_A,Produto A,21.46,False,7,129,2364,129
2024-07-18,PROD_A,Produto A,18.62,False,7,159,2171,163
2024-07-19,PROD_A,Produto A,18.33,False,5,126,2966,145
2024-07-20,PROD_A,Produto A,19.94,False,7,116,2796,127
2024-07-21,PROD_A,Produto A,19.21,False,5,129,2258,140
2024-07-22,PROD_A,Produto A,20.25,False,5,94,1856,99
2024-07-23,PROD_A,Produto A,21.22,True,6,124,2617,133
2024-07-24,PROD_A,Produto A,18.55,False,7,131,1674,154
2024-07-25,PROD_A,Produto A,20.32,False,5,163,3079,175
2024-07-26,PROD_A,Produto A,20.02,False,6,135,2303,135
2024-07-27,PROD_A,Produto A,18.58,False,8,146,1728,168
2024-07-28,PROD_A,Produto A,20.5,False,6,163,2827,177
2024-07-29,PROD_A,Produto A,19.09,False,6,82,3011,90
2024-07-30,PROD_A,Produto A,19.95,False,5,130,2841,159
2024-07-31,PROD_A,Produto A,18.33,False,9,140,3014,153
2024-08-01,PROD_A,Produto A,19.84,False,9,94,1992,106
2024-08-02,PROD_A,Produto A,19.23,False,9,146,2592,148
2024-08-03,PROD_A,Produto A,21.29,False,6,153,1820,166
2024-08-04,PROD_A,Produto A,18.23,True,5,137,2468,156
2024-08-05,PROD_A,Produto A,19.67,False,7,134,2128,131
2024-08-06,PROD_A,Produto A,19.83,False,6,166,2965,184
2024-08-07,PROD_A,Produto A,20.9,False,6,123,1894,136
2024-08-08,PROD_A,Produto A,20.3,False,5,124,1830,136
2024-08-09,PROD_A,Produto A,20.67,False,8,109,2123,130
2024-08-10,PROD_A,Produto A,21.11,False,6,120,2761,135
2024-08-11,PROD_A,Produto A,21.45,False,8,149,2322,178
2024-08-12,PROD_A,Produto A,19.26,False,8,99,1661,98
2024-08-13,PROD_A,Produto A,20.15,True,9,117,1934,130
2024-08-14,PROD_A,Produto A,21.36,False,5,106,2407,117
2024-08-15,PROD_A,Produto A,21.96,True,8,124,1948,125
2024-08-16,PROD_A,Produto A,21.56,False,5,121,2660,142
2024-08-17,PROD_A,Produto A,19.49,False,9,144,1902,181
2024-08-18,PROD_A,Produto A,18.78,False,5,126,2562,138
2024-08-19,PROD_A,Produto A,19.96,False,6,107,1877,122
2024-08-20,PROD_A,Produto A,20.97,True,8,92,2194,102
2024-08-21,PROD_A,Produto A,19.97,False,5,102,2193,105
2024-08-22,PROD_A,Produto A,19.93,False,7,118,2231,111
2024-08-23,PROD_A,Produto A,21.35,False,5,125,2662,130
2024-08-24,PROD_A,Produto A,19.45,False,8,111,2456,108
2024-08-25,PROD_A,Produto A,21.44,False,9,141,2042,172
2024-08-26,PROD_A,Produto A,19.63,False,9,136,3109,148
2024-08-27,PROD_A,Produto A,19.31,False,8,116,3016,124
2024-08-28,PROD_A,Produto A,19.82,False,6,145,2377,168
2024-08-29,PROD_A,Produto A,21.05,False,6,92,2382,89
2024-08-30,PROD_A,Produto A,18.5,False,9,82,2724,82
2024-08-31,PROD_A,Produto A,18.79,False,9,83,2043,91
2024-09-01,PROD_A,Produto A,21.81,False,8,151,2048,176
2024-09-02,PROD_A,Produto A,18.7,False,6,118,3031,134
2024-09-03,PROD_A,Produto A,20.27,False,9,104,1823,116
2024-09-04,PROD_A,Produto A,20.32,False,6,110,1815,121
2024-09-05,PROD_A,Produto A,19.96,False,9,82,2347,94
2024-09-06,PROD_A,Produto A,20.58,False,5,153,1904,170
2024-09-07,PROD_A,Produto A,18.92,False,7,125,1815,127
2024-09-08,PROD_A,Produto A,20.21,False,5,113,1926,124
2024-09-09,PROD_A,Produto A,19.49,False,9,117,1633,117
2024-09-10,PROD_A,Produto A,20.65,False,7,112,2789,124
2024-09-11,PROD_A,Produto A,18.56,True,7,107,2700,112
2024-09-12,PROD_A,Produto A,20.28,False,9,86,2342,119
2024-09-13,PROD_A,Produto A,18.74,False,9,111,2399,121
2024-09-14,PROD_A,Produto A,19.11,False,6,152,2853,153
2024-09-15,PROD_A,Produto A,18.87,False,9,143,2148,155
2024-09-16,PROD_A,Produto A,18.73,True,8,133,2417,151
2024-09-17,PROD_A,Produto A,21.3,False,9,91,1963,116
2024-09-18,PROD_A,Produto A,19.14,False,8,81,2922,83
2024-09-19,PROD_A,Produto A,21.71,False,9,98,1828,91
2024-09-20,PROD_A,Produto A,21.88,False,6,101,2260,119
2024-09-21,PROD_A,Produto A,20.29,False,8,136,2978,135
2024-09-22,PROD_A,Produto A,18.57,True,5,74,2931,77
2024-09-23,PROD_A,Produto A,19.5,False,8,130,1871,140
2024-09-24,PROD_A,Produto A,21.19,False,6,97,2908,106
2024-09-25,PROD_A,Produto A,19.47,False,8,91,1890,106
2024-09-26,PROD_A,Produto A,18.35,False,9,79,2539,80
2024-09-27,PROD_A,Produto A,20.23,True,9,66,2038,69
2024-09-28,PROD_A,Produto A,21.38,False,6,139,2414,152
2024-09-29,PROD_A,Produto A,21.18,False,7,120,2854,133
2024-09-30,PROD_A,Produto A,18.7,False,9,74,3008,82
2024-10-01,PROD_A,Produto A,20.69,False,5,74,2719,85
2024-10-02,PROD_A,Produto A,18.88,False,6,93,2964,110
2024-10-03,PROD_A,Produto A,18.87,False,8,133,2344,150
2024-10-04,PROD_A,Produto A,21.5,True,8,94,2052,107
2024-10-05,PROD_A,Produto A,19.0,False,5,83,1728,75
2024-10-06,PROD_A,Produto A,19.05,False,9,104,2260,114
2024-10-07,PROD_A,Produto A,18.0,False,6,94,2690,108
2024-10-08,PROD_A,Produto A,21.48,False,5,46,1998,57
2024-10-09,PROD_A,Produto A,21.17,True,9,99,2739,101
2024-10-10,PROD_A,Produto A,20.51,False,6,96,2577,99
2024-10-11,PROD_A,Produto A,21.0,False,8,114,1722,119
2024-10-12,PROD_A,Produto A,18.61,False,6,159,2511,180
2024-10-13,PROD_A,Produto A,19.83,True,7,134,2473,157
2024-10-14,PROD_A,Produto A,19.4,False,6,96,2789,101
2024-10-15,PROD_A,Produto A,18.38,False,7,79,2670,95
2024-10-16,PROD_A,Produto A,19.94,False,6,153,2149,169
2024-10-17,PROD_A,Produto A,21.68,False,7,103,2298,112
2024-10-18,PROD_A,Produto A,18.16,False,8,102,2608,110
2024-10-19,PROD_A,Produto A,19.17,False,9,110,2725,128
2024-10-20,PROD_A,Produto A,18.83,True,7,126,2047,141
2024-10-21,PROD_A,Produto A,18.95,False,7,100,2441,132
2024-10-22,PROD_A,Produto A,21.63,True,8,92,2805,92
2024-10-23,PROD_A,Produto A,19.87,False,7,92,2551,106
2024-10-24,PROD_A,Produto A,19.87,False,5,103,3045,108
2024-10-25,PROD_A,Produto A,21.04,True,8,93,2681,93
2024-10-26,PROD_A,Produto A,18.62,False,5,99,2130,108
2024-10-27,PROD_A,Produto A,19.95,True,8,123,2012,136
2024-10-28,PROD_A,Produto A,19.72,False,7,100,2332,139
2024-10-29,PROD_A,Produto A,20.39,False,5,136,2113,147
2024-10-30,PROD_A,Produto A,22.0,True,7,53,2843,50
2024-10-31,PROD_A,Produto A,21.08,False,8,128,2898,143
2024-11-01,PROD_A,Produto A,19.59,False,7,177,2822,173
2024-11-02,PROD_A,Produto A,21.31,False,5,108,2166,117
2024-11-03,PROD_A,Produto A,18.68,True,5,144,2213,158
2024-11-04,PROD_A,Produto A,18.12,False,7,128,2008,148
2024-11-05,PROD_A,Produto A,18.82,False,6,157,3041,182
2024-11-06,PROD_A,Produto A,19.36,False,8,141,1777,150
2024-11-07,PROD_A,Produto A,20.04,True,8,138,2647,150
2024-11-08,PROD_A,Produto A,20.46,True,7,173,1786,182
2024-11-09,PROD_A,Produto A,21.64,False,6,185,3111,192
2024-11-10,PROD_A,Produto A,20.04,False,5,214,2579,238
2024-11-11,PROD_A,Produto A,20.01,False,9,165,2028,168
2024-11-12,PROD_A,Produto A,18.2,False,9,136,3055,145
2024-11-13,PROD_A,Produto A,18.14,False,7,164,2847,170
2024-11-14,PROD_A,Produto A,20.2,False,6,199,1813,224
2024-11-15,PROD_A,Produto A,19.75,False,6,156,1854,189
2024-11-16,PROD_A,Produto A,21.36,False,8,187,2337,192
2024-11-17,PROD_A,Produto A,18.64,False,5,201,2793,202
2024-11-18,PROD_A,Produto A,18.1,False,6,171,2802,186
2024-11-19,PROD_A,Produto A,19.8,False,9,173,2922,190
2024-11-20,PROD_A,Produto A,18.95,False,5,195,2435,216
2024-11-21,PROD_A,Produto A,18.2,False,5,170,2023,182
2024-11-22,PROD_A,Produto A,20.9,False,7,196,2512,213
2024-11-23,PROD_A,Produto A,18.45,False,6,163,2297,182
2024-11-24,PROD_A,Produto A,20.43,False,7,208,2954,239
2024-11-25,PROD_A,Produto A,19.12,True,6,163,1687,159
2024-11-26,PROD_A,Produto A,18.69,False,8,142,3106,152
2024-11-27,PROD_A,Produto A,19.52,False,7,169,1707,188
2024-11-28,PROD_A,Produto A,21.21,False,7,129,1836,132
2024-11-29,PROD_A,Produto A,19.57,False,9,218,1620,257
2024-11-30,PROD_A,Produto A,21.0,False,7,175,2778,186
2024-12-01,PROD_A,Produto A,18.5,True,6,179,2994,196
2024-12-02,PROD_A,Produto A,21.09,False,9,252,1759,282
2024-12-03,PROD_A,Produto A,18.95,False,7,154,2237,163
2024-12-04,PROD_A,Produto A,20.71,False,7,173,1752,171
2024-12-05,PROD_A,Produto A,20.26,False,8,214,1797,231
2024-12-06,PROD_A,Produto A,21.72,False,7,200,2429,230
2024-12-07,PROD_A,Produto A,19.55,False,5,162,3001,174
2024-12-08,PROD_A,Produto A,18.26,False,9,238,1999,253
2024-12-09,PROD_A,Produto A,18.08,True,5,165,2527,190
2024-12-10,PROD_A,Produto A,21.31,False,9,219,2277,237
2024-12-11,PROD_A,Produto A,20.1,False,8,241,2069,259
2024-12-12,PROD_A,Produto A,21.1,False,7,251,2205,277
2024-12-13,PROD_A,Produto A,18.94,False,7,217,2082,246
2024-12-14,PROD_A,Produto A,19.38,True,7,245,2609,293
2024-12-15,PROD_A,Produto A,18.12,False,9,229,2751,260
2024-12-16,PROD_A,Produto A,21.85,True,7,223,1741,256
2024-12-17,PROD_A,Produto A,20.67,False,5,192,1636,206
2024-12-18,PROD_A,Produto A,21.73,False,7,189,2839,197
2024-12-19,PROD_A,Produto A,19.06,True,8,193,1946,212
2024-12-20,PROD_A,Produto A,20.45,False,5,247,1937,272
2024-12-21,PROD_A,Produto A,20.71,True,7,234,2428,246
2024-12-22,PROD_A,Produto A,19.27,False,7,235,2895,256
2024-12-23,PROD_A,Produto A,21.39,False,6,215,2122,240
2024-12-24,PROD_A,Produto A,21.79,True,9,210,1738,234
2024-12-25,PROD_A,Produto A,21.54,False,5,219,2329,245
2024-12-26,PROD_A,Produto A,20.96,True,6,194,1664,216
2024-12-27,PROD_A,Produto A,19.11,False,8,217,1933,233
2024-12-28,PROD_A,Produto A,19.13,False,9,284,2822,307
2024-12-29,PROD_A,Produto A,21.85,False,5,227,2037,237
2024-12-30,PROD_A,Produto A,18.04,True,7,175,2175,210
2024-12-31,PROD_A,Produto A,20.86,False,5,253,2721,278
2025-01-01,PROD_A,Produto A,20.82,False,7,131,1945,141
2025-01-02,PROD_A,Produto A,20.49,False,9,160,3000,166
2025-01-03,PROD_A,Produto A,21.96,False,7,119,3059,160
2025-01-04,PROD_A,Produto A,19.25,False,8,186,2134,193
2025-01-05,PROD_A,Produto A,19.36,False,7,173,1833,186
2025-01-06,PROD_A,Produto A,18.32,False,8,160,1693,180
2025-01-07,PROD_A,Produto A,19.77,False,9,176,2128,199
2025-01-08,PROD_A,Produto A,19.04,False,9,190,1951,218
2025-01-09,PROD_A,Produto A,19.37,False,5,178,2736,213
2025-01-10,PROD_A,Produto A,21.34,True,8,122,2307,139
2025-01-11,PROD_A,Produto A,21.74,False,8,151,2276,155
2025-01-12,PROD_A,Produto A,18.74,False,6,157,2912,170
2025-01-13,PROD_A,Produto A,19.49,False,6,162,3019,181
2025-01-14,PROD_A,Produto A,21.71,False,6,172,2647,209
2025-01-15,PROD_A,Produto A,18.25,False,7,148,2781,148
2025-01-16,PROD_A,Produto A,18.37,True,6,167,2874,195
2025-01-17,PROD_A,Produto A,18.65,True,8,149,2219,165
2025-01-18,PROD_A,Produto A,20.38,False,7,171,2695,196
2025-01-19,PROD_A,Produto A,18.6,False,9,160,1944,174
2025-01-20,PROD_A,Produto A,21.87,False,5,148,2611,154
2025-01-21,PROD_A,Produto A,19.79,False,6,141,2336,162
2025-01-22,PROD_A,Produto A,20.01,False,9,149,2342,170
2025-01-23,PROD_A,Produto A,18.99,False,8,190,1896,218
2025-01-24,PROD_A,Produto A,19.88,False,5,151,2155,165
2025-01-25,PROD_A,Produto A,20.65,True,9,240,1771,258
2025-01-26,PROD_A,Produto A,21.0,False,5,198,2574,202
2025-01-27,PROD_A,Produto A,21.02,False,6,176,1878,201
2025-01-28,PROD_A,Produto A,20.31,True,8,156,1943,175
2025-01-29,PROD_A,Produto A,21.62,False,5,188,2636,197
2025-01-30,PROD_A,Produto A,21.27,False,9,163,2488,173
2025-01-31,PROD_A,Produto A,21.03,False,6,178,2811,191
2025-02-01,PROD_A,Produto A,18.22,False,6,237,2307,245
2025-02-02,PROD_A,Produto A,18.03,False,9,191,1929,201
2025-02-03,PROD_A,Produto A,18.85,False,9,201,2422,209
2025-02-04,PROD_A,Produto A,20.65,False,5,164,2699,176
2025-02-05,PROD_A,Produto A,19.64,False,7,178,2239,188
2025-02-06,PROD_A,Produto A,19.61,True,6,215,2092,220
2025-02-07,PROD_A,Produto A,21.54,False,5,168,2939,205
2025-02-08,PROD_A,Produto A,21.58,False,9,238,2080,274
2025-02-09,PROD_A,Produto A,21.64,False,5,210,2967,223
2025-02-10,PROD_A,Produto A,19.26,False,9,171,2433,190
2025-02-11,PROD_A,Produto A,20.76,False,8,196,2465,219
2025-02-12,PROD_A,Produto A,19.09,False,9,203,2784,235
2025-02-13,PROD_A,Produto A,18.76,False,9,197,2286,208
2025-02-14,PROD_A,Produto A,18.74,False,9,154,1881,180
2025-02-15,PROD_A,Produto A,19.37,False,7,194,3063,207
2025-02-16,PROD_A,Produto A,19.72,False,9,204,2884,211
2025-02-17,PROD_A,Produto A,21.32,False,6,185,1974,210
2025-02-18,PROD_A,Produto A,18.48,False,6,200,2389,232
2025-02-19,PROD_A,Produto A,20.94,True,5,191,1799,235
2025-02-20,PROD_A,Produto A,20.13,False,7,162,1685,166
2025-02-21,PROD_A,Produto A,19.15,False,5,197,2439,223
2025-02-22,PROD_A,Produto A,19.97,False,6,210,2991,226
2025-02-23,PROD_A,Produto A,19.2,False,6,212,1790,241
2025-02-24,PROD_A,Produto A,20.38,False,8,212,2093,218
2025-02-25,PROD_A,Produto A,19.74,False,9,208,2153,216
2025-02-26,PROD_A,Produto A,18.66,True,6,201,3010,213
2025-02-27,PROD_A,Produto A,18.47,False,5,190,2750,209
2025-02-28,PROD_A,Produto A,20.19,False,5,159,2058,168
2025-03-01,PROD_A,Produto A,21.61,False,9,212,2454,239
2025-03-02,PROD_A,Produto A,19.38,True,9,211,1846,242
2025-03-03,PROD_A,Produto A,20.93,True,8,199,3087,224
2025-03-04,PROD_A,Produto A,20.63,False,7,168,2061,200
2025-03-05,PROD_A,Produto A,21.73,False,5,173,2015,194
2025-03-06,PROD_A,Produto A,21.28,False,9,216,2347,225
2025-03-07,PROD_A,Produto A,20.27,True,5,194,1703,227
2025-03-08,PROD_A,Produto A,20.63,False,9,224,2656,240
2025-03-09,PROD_A,Produto A,21.59,False,6,220,2312,251
2025-03-10,PROD_A,Produto A,19.6,True,5,197,2112,232
2025-03-11,PROD_A,Produto A,19.31,True,6,215,2911,241
2025-03-12,PROD_A,Produto A,18.04,False,5,186,2763,189
2025-03-13,PROD_A,Produto A,21.31,False,7,199,2589,209
2025-03-14,PROD_A,Produto A,21.2,False,8,188,1972,220
2025-03-15,PROD_A,Produto A,18.42,False,6,201,2700,219
2025-03-16,PROD_A,Produto A,20.31,False,9,206,1659,227
2025-03-17,PROD_A,Produto A,19.86,True,7,202,2979,229
2025-03-18,PROD_A,Produto A,18.47,False,5,189,2259,214
2025-03-19,PROD_A,Produto A,21.92,False,6,223,1792,248
2025-03-20,PROD_A,Produto A,18.86,False,5,181,1878,197
2025-03-21,PROD_A,Produto A,18.27,False,5,195,2136,211
2025-03-22,PROD_A,Produto A,20.38,False,5,201,2349,229
2025-03-23,PROD_A,Produto A,20.96,False,8,241,2142,270
2025-03-24,PROD_A,Produto A,18.13,False,8,203,2458,220
2025-03-25,PROD_A,Produto A,20.63,False,9,220,1736,252
2025-03-26,PROD_A,Produto A,20.13,False,6,170,1803,185
2025-03-27,PROD_A,Produto A,18.41,True,7,205,2759,216
2025-03-28,PROD_A,Produto A,18.69,True,7,217,1781,231
2025-03-29,PROD_A,Produto A,20.27,False,7,215,2162,226
2025-03-30,PROD_A,Produto A,19.19,False,5,233,2880,253
2025-03-31,PROD_A,Produto A,21.75,True,8,189,2458,220
2025-04-01,PROD_A,Produto A,21.27,False,6,228,2709,242
2025-04-02,PROD_A,Produto A,21.93,True,5,245,2713,271
2025-04-03,PROD_A,Produto A,19.04,False,8,192,2066,204
2025-04-04,PROD_A,Produto A,21.88,False,8,190,2035,206
2025-04-05,PROD_A,Produto A,19.72,False,6,238,2151,246
2025-04-06,PROD_A,Produto A,19.39,False,6,245,2060,267
2025-04-07,PROD_A,Produto A,18.2,False,6,189,2357,205
2025-04-08,PROD_A,Produto A,18.21,True,5,191,2083,215
2025-04-09,PROD_A,Produto A,20.77,False,9,193,2015,214
2025-04-10,PROD_A,Produto A,19.83,False,6,172,2330,177
2025-04-11,PROD_A,Produto A,18.91,False,9,180,2014,208
2025-04-12,PROD_A,Produto A,20.46,False,5,199,1945,221
2025-04-13,PROD_A,Produto A,19.01,True,9,197,2734,218
2025-04-14,PROD_A,Produto A,20.31,False,7,197,2369,216
2025-04-15,PROD_A,Produto A,19.44,False,9,203,2713,218
2025-04-16,PROD_A,Produto A,21.29,False,6,229,2809,254
2025-04-17,PROD_A,Produto A,21.28,False,5,178,2261,200
2025-04-18,PROD_A,Produto A,19.91,False,6,217,1833,221
2025-04-19,PROD_A,Produto A,19.4,False,7,205,2978,220
2025-04-20,PROD_A,Produto A,19.45,True,6,208,1988,226
2025-04-21,PROD_A,Produto A,21.22,False,6,210,1668,233
2025-04-22,PROD_A,Produto A,19.31,False,6,174,2695,203
2025-04-23,PROD_A,Produto A,18.84,False,8,203,2932,215
2025-04-24,PROD_A,Produto A,18.34,False,7,199,2882,213
2025-04-25,PROD_A,Produto A,19.87,False,6,205,1752,220
2025-04-26,PROD_A,Produto A,19.93,True,6,210,2618,222
2025-04-27,PROD_A,Produto A,21.36,False,6,256,2405,278
2025-04-28,PROD_A,Produto A,18.88,False,5,181,2809,206
2025-04-29,PROD_A,Produto A,19.52,False,8,183,3017,190
2025-04-30,PROD_A,Produto A,21.23,False,5,181,1992,203
2025-05-01,PROD_A,Produto A,21.29,False,8,182,2098,183
2025-05-02,PROD_A,Produto A,19.54,False,6,180,2451,192
2025-05-03,PROD_A,Produto A,19.84,True,7,238,2269,258
2025-05-04,PROD_A,Produto A,19.21,False,9,237,2301,277
2025-05-05,PROD_A,Produto A,21.73,False,9,180,2307,195
2025-05-06,PROD_A,Produto A,18.47,True,6,174,2943,169
2025-05-07,PROD_A,Produto A,21.73,True,5,199,1701,198
2025-05-08,PROD_A,Produto A,20.74,False,7,178,1706,196
2025-05-09,PROD_A,Produto A,20.13,False,8,202,1844,228
2025-05-10,PROD_A,Produto A,18.13,False,6,206,1635,230
2025-05-11,PROD_A,Produto A,19.9,True,7,169,2441,187
2025-05-12,PROD_A,Produto A,19.63,False,7,218,3001,251
2025-05-13,PROD_A,Produto A,18.64,False,8,223,1782,239
2025-05-14,PROD_A,Produto A,20.63,False,7,174,2133,200
2025-05-15,PROD_A,Produto A,21.88,False,5,178,1969,179
2025-05-16,PROD_A,Produto A,20.25,False,5,191,2300,201
2025-05-17,PROD_A,Produto A,20.86,False,5,199,3107,200
2025-05-18,PROD_A,Produto A,18.27,False,7,217,3018,235
2025-05-19,PROD_A,Produto A,19.67,False,5,223,2735,244
2025-05-20,PROD_A,Produto A,18.47,False,8,179,1800,198
2025-05-21,PROD_A,Produto A,20.45,False,7,166,2362,183
2025-05-22,PROD_A,Produto A,21.75,False,9,153,2944,159
2025-05-23,PROD_A,Produto A,20.65,True,7,166,2279,180
2025-05-24,PROD_A,Produto A,18.31,True,8,199,2832,203
2025-05-25,PROD_A,Produto A,19.42,True,9,227,2957,263
2025-05-26,PROD_A,Produto A,20.2,False,7,168,2112,181
2025-05-27,PROD_A,Produto A,19.61,False,5,182,2542,195
2025-05-28,PROD_A,Produto A,21.33,True,6,177,1747,210
2025-05-29,PROD_A,Produto A,21.26,False,6,200,3069,207
2025-05-30,PROD_A,Produto A,20.45,False,5,226,2184,237
2025-05-31,PROD_A,Produto A,19.49,False,6,184,2830,191
2025-06-01,PROD_A,Produto A,19.02,False,6,231,2169,253
2025-06-02,PROD_A,Produto A,18.42,False,5,235,2072,262
2025-06-03,PROD_A,Produto A,19.42,True,5,245,2090,276
2025-06-04,PROD_A,Produto A,19.65,False,7,282,2607,335
2025-06-05,PROD_A,Produto A,20.7,False,7,218,2357,217
2025-06-06,PROD_A,Produto A,20.63,False,5,208,1843,234
2025-06-07,PROD_A,Produto A,18.28,False,8,268,1773,289
2025-06-08,PROD_A,Produto A,19.58,False,6,272,2179,293
2025-06-09,PROD_A,Produto A,18.73,True,7,226,1970,242
2025-06-10,PROD_A,Produto A,18.63,True,6,241,2790,256
2025-06-11,PROD_A,Produto A,21.31,False,9,246,1968,287
2025-06-12,PROD_A,Produto A,18.17,False,5,254,1801,287
2025-06-13,PROD_A,Produto A,19.68,True,8,245,2256,269
2025-06-14,PROD_A,Produto A,18.67,False,9,266,2637,306
2025-06-15,PROD_A,Produto A,21.52,False,9,242,1798,251
2025-06-16,PROD_A,Produto A,20.23,False,9,202,2682,208
2025-06-17,PROD_A,Produto A,18.93,False,5,258,2391,262
2025-06-18,PROD_A,Produto A,20.01,False,7,209,2513,222
2025-06-19,PROD_A,Produto A,20.93,False,5,208,2646,230
2025-06-20,PROD_A,Produto A,21.83,True,7,184,2635,203
2025-06-21,PROD_A,Produto A,18.88,False,9,231,1683,255
2025-06-22,PROD_A,Produto A,21.54,False,9,232,1648,241
2025-06-23,PROD_A,Produto A,21.74,False,8,213,1991,242
2025-06-24,PROD_A,Produto A,21.67,False,7,213,1716,236
2025-06-25,PROD_A,Produto A,20.54,False,9,161,3085,184
2025-06-26,PROD_A,Produto A,20.52,False,6,242,2846,247
2025-06-27,PROD_A,Produto A,19.61,False,8,230,3054,256
2025-06-28,PROD_A,Produto A,21.01,False,5,258,2612,271
2025-06-29,PROD_A,Produto A,20.13,True,8,233,1640,252
2025-06-30,PROD_A,Produto A,20.71,False,6,186,2354,209
2025-07-01,PROD_A,Produto A,19.71,False,7,154,2745,170
2025-07-02,PROD_A,Produto A,20.93,True,5,180,2689,189
2025-07-03,PROD_A,Produto A,21.3,False,5,146,1685,160
2025-07-04,PROD_A,Produto A,18.59,False,7,152,2222,151
2025-07-05,PROD_A,Produto A,21.33,False,8,173,2807,201
2025-07-06,PROD_A,Produto A,20.16,False,9,173,2754,188
2025-07-07,PROD_A,Produto A,21.38,False,8,135,1957,159
2025-07-08,PROD_A,Produto A,19.73,False,6,147,1742,156
2025-07-09,PROD_A,Produto A,19.52,False,9,164,2066,175
2025-07-10,PROD_A,Produto A,21.66,True,8,121,2230,125
2025-07-11,PROD_A,Produto A,19.0,False,7,143,2934,166
2025-07-12,PROD_A,Produto A,21.38,False,6,148,2290,155
2025-07-13,PROD_A,Produto A,19.94,False,6,187,3055,212
2025-07-14,PROD_A,Produto A,20.06,False,6,108,2234,114
2025-07-15,PROD_A,Produto A,19.23,False,9,126,2516,118
2025-07-16,PROD_A,Produto A,20.29,True,5,144,1900,152
2025-07-17,PROD_A,Produto A,19.3,False,9,167,2686,171
2025-07-18,PROD_A,Produto A,18.16,False,8,133,2215,146
2025-07-19,PROD_A,Produto A,19.09,False,5,143,2322,145
2025-07-20,PROD_A,Produto A,18.03,True,8,183,2694,210
2025-07-21,PROD_A,Produto A,21.91,True,5,103,1829,112
2025-07-22,PROD_A,Produto A,21.86,False,9,88,1745,95
2025-07-23,PROD_A,Produto A,19.58,False,6,140,2111,160
2025-07-24,PROD_A,Produto A,20.91,False,7,120,2579,141
2025-07-25,PROD_A,Produto A,19.38,False,6,109,2589,119
2025-07-26,PROD_A,Produto A,20.68,False,9,162,2200,170
2025-07-27,PROD_A,Produto A,21.22,False,5,140,2396,136
2025-07-28,PROD_A,Produto A,21.79,False,6,116,1877,120
2025-07-29,PROD_A,Produto A,19.6,False,9,100,2831,103
2025-07-30,PROD_A,Produto A,21.13,True,8,143,1849,158
2025-07-31,PROD_A,Produto A,19.06,False,7,138,1808,148
2025-08-01,PROD_A,Produto A,21.96,True,6,122,3058,141
2025-08-02,PROD_A,Produto A,18.1,False,5,172,1629,183
2025-08-03,PROD_A,Produto A,20.41,False,8,116,2757,127
2025-08-04,PROD_A,Produto A,20.64,True,9,91,2719,111
2025-08-05,PROD_A,Produto A,20.75,False,7,107,2295,121
2025-08-06,PROD_A,Produto A,18.48,False,5,119,2121,130
2025-08-07,PROD_A,Produto A,21.75,False,9,124,1704,130
2025-08-08,PROD_A,Produto A,18.72,False,9,114,1668,119
2025-08-09,PROD_A,Produto A,20.49,True,6,145,2457,150
2025-08-10,PROD_A,Produto A,18.89,False,6,107,2627,112
2025-08-11,PROD_A,Produto A,19.23,False,5,146,2308,168
2025-08-12,PROD_A,Produto A,20.19,False,9,115,2006,124
2025-08-13,PROD_A,Produto A,19.67,False,6,138,2589,138
2025-08-14,PROD_A,Produto A,18.64,False,7,122,3032,151
2025-08-15,PROD_A,Produto A,18.68,False,7,123,2625,138
2025-08-16,PROD_A,Produto A,19.67,False,9,143,1837,143
2025-08-17,PROD_A,Produto A,21.03,False,6,130,2624,138
2025-08-18,PROD_A,Produto A,21.59,False,5,125,2989,138
2025-08-19,PROD_A,Produto A,18.34,False,5,139,2873,169
2025-08-20,PROD_A,Produto A,19.57,False,5,115,1874,115
2025-08-21,PROD_A,Produto A,18.4,False,7,125,1855,147
2025-08-22,PROD_A,Produto A,18.07,False,6,108,2669,132
2025-08-23,PROD_A,Produto A,20.65,False,6,159,2904,168
2025-08-24,PROD_A,Produto A,20.41,True,7,106,1890,113
2025-08-25,PROD_A,Produto A,18.65,False,5,145,1742,149
2025-08-26,PROD_A,Produto A,18.94,True,5,107,2275,115
2025-08-27,PROD_A,Produto A,18.09,False,9,79,2900,86
2025-08-28,PROD_A,Produto A,21.34,False,8,110,3064,127
2025-08-29,PROD_A,Produto A,21.9,True,6,93,1878,113
2025-08-30,PROD_A,Produto A,18.54,True,6,147,2567,154
2025-08-31,PROD_A,Produto A,18.93,True,6,105,1666,95
2025-09-01,PROD_A,Produto A,21.47,False,8,97,2482,106
2025-09-02,PROD_A,Produto A,21.71,False,9,67,2144,76
2025-09-03,PROD_A,Produto A,19.68,False,8,96,2507,108
2025-09-04,PROD_A,Produto A,18.2,False,5,56,1827,58
2025-09-05,PROD_A,Produto A,18.16,False,5,72,2954,80
2025-09-06,PROD_A,Produto A,20.3,False,6,134,2366,162
2025-09-07,PROD_A,Produto A,19.57,False,7,140,1768,157
2025-09-08,PROD_A,Produto A,18.11,False,6,112,2057,119
2025-09-09,PROD_A,Produto A,20.33,False,7,83,1774,86
2025-09-10,PROD_A,Produto A,18.05,False,8,101,2733,109
2025-09-11,PROD_A,Produto A,21.15,False,5,102,1977,128
2025-09-12,PROD_A,Produto A,19.23,False,7,79,2817,85
2025-09-13,PROD_A,Produto A,18.16,False,8,143,2860,157
2025-09-14,PROD_A,Produto A,20.35,False,5,137,2075,145
2025-09-15,PROD_A,Produto A,19.59,False,7,97,2395,117
2025-09-16,PROD_A,Produto A,21.9,False,6,101,2248,130
2025-09-17,PROD_A,Produto A,20.18,False,6,105,2842,120
2025-09-18,PROD_A,Produto A,19.1,False,6,60,2451,66
2025-09-19,PROD_A,Produto A,20.84,False,8,95,2105,104
2025-09-20,PROD_A,Produto A,19.09,True,6,109,2152,96
2025-09-21,PROD_A,Produto A,21.62,False,9,94,1819,110
2025-09-22,PROD_A,Produto A,19.5,False,5,94,1990,104
2025-09-23,PROD_A,Produto A,20.2,False,8,136,2633,153
2025-09-24,PROD_A,Produto A,18.2,True,6,113,2472,117
2025-09-25,PROD_A,Produto A,19.7,True,5,88,3091,92
2025-09-26,PROD_A,Produto A,21.33,False,7,111,1867,117
2025-09-27,PROD_A,Produto A,21.22,False,6,146,2407,170
2025-09-28,PROD_A,Produto A,18.9,False,5,130,1883,139
2025-09-29,PROD_A,Produto A,18.9,False,9,101,2701,131
2025-09-30,PROD_A,Produto A,21.27,False,7,87,2945,100
2025-10-01,PROD_A,Produto A,21.72,False,9,113,1650,111
2025-10-02,PROD_A,Produto A,18.38,False,5,107,2892,116
2025-10-03,PROD_A,Produto A,19.8,False,9,117,2224,122
2025-10-04,PROD_A,Produto A,19.35,False,5,124,2914,114
2025-10-05,PROD_A,Produto A,21.48,True,5,136,3037,165
2025-10-06,PROD_A,Produto A,18.33,False,9,89,2121,104
2025-10-07,PROD_A,Produto A,18.84,False,5,126,2727,143
2025-10-08,PROD_A,Produto A,21.01,False,6,104,3008,116
2025-10-09,PROD_A,Produto A,18.21,False,5,142,2505,142
2025-10-10,PROD_A,Produto A,19.97,True,8,86,2168,89
2025-10-11,PROD_A,Produto A,19.77,True,5,152,2985,175
2025-10-12,PROD_A,Produto A,19.34,False,8,118,2458,119
2025-10-13,PROD_A,Produto A,19.58,True,5,88,3050,71
2025-10-14,PROD_A,Produto A,20.12,False,5,91,3068,97
2025-10-15,PROD_A,Produto A,18.65,False,9,95,2736,103
2025-10-16,PROD_A,Produto A,20.29,True,6,110,2467,122
2025-10-17,PROD_A,Produto A,21.22,False,6,112,2233,130
2025-10-18,PROD_A,Produto A,21.04,False,7,112,2031,129
2025-10-19,PROD_A,Produto A,18.62,False,9,125,2051,140
2025-10-20,PROD_A,Produto A,18.6,False,9,145,2297,171
2025-10-21,PROD_A,Produto A,19.07,False,6,137,1778,135
2025-10-22,PROD_A,Produto A,19.44,True,9,112,1633,128
2025-10-23,PROD_A,Produto A,19.63,False,6,104,1992,120
2025-10-24,PROD_A,Produto A,20.72,False,9,106,1844,104
2025-10-25,PROD_A,Produto A,18.23,False,5,140,2716,138
2025-10-26,PROD_A,Produto A,18.14,False,6,99,2892,101
2025-10-27,PROD_A,Produto A,19.57,False,6,100,2130,103
2025-10-28,PROD_A,Produto A,20.79,False,8,72,2222,86
2025-10-29,PROD_A,Produto A,18.77,False,9,114,1835,119
2025-10-30,PROD_A,Produto A,20.57,False,9,119,2607,122
2025-10-31,PROD_A,Produto A,19.04,False,6,97,2863,100
2025-11-01,PROD_A,Produto A,21.54,False,5,218,2459,250
2025-11-02,PROD_A,Produto A,21.58,False,5,131,2346,144
2025-11-03,PROD_A,Produto A,19.19,True,5,153,2864,166
2025-11-04,PROD_A,Produto A,18.92,False,9,140,3032,152
2025-11-05,PROD_A,Produto A,19.65,False,8,203,2173,236
2025-11-06,PROD_A,Produto A,18.96,False,6,203,2685,215
2025-11-07,PROD_A,Produto A,20.69,False,7,129,2295,155
2025-11-08,PROD_A,Produto A,21.3,False,8,186,2492,206
2025-11-09,PROD_A,Produto A,20.69,False,7,192,1902,209
2025-11-10,PROD_A,Produto A,21.3,False,8,153,2701,193
2025-11-11,PROD_A,Produto A,19.59,False,5,190,2453,198
2025-11-12,PROD_A,Produto A,18.63,True,9,162,2156,174
2025-11-13,PROD_A,Produto A,20.95,False,7,133,2716,133
2025-11-14,PROD_A,Produto A,19.44,False,8,207,2542,237
2025-11-15,PROD_A,Produto A,20.69,True,9,188,2772,223
2025-11-16,PROD_A,Produto A,19.08,False,7,203,2461,239
2025-11-17,PROD_A,Produto A,18.32,False,6,180,3069,210
2025-11-18,PROD_A,Produto A,21.97,False,8,182,2567,198
2025-11-19,PROD_A,Produto A,18.62,True,6,180,2284,194
2025-11-20,PROD_A,Produto A,21.95,False,5,142,2768,139
2025-11-21,PROD_A,Produto A,21.91,False,6,139,1686,173
2025-11-22,PROD_A,Produto A,21.18,False,6,182,1625,204
2025-11-23,PROD_A,Produto A,20.64,False,8,223,2256,240
2025-11-24,PROD_A,Produto A,20.31,False,5,180,1933,211
2025-11-25,PROD_A,Produto A,21.46,True,6,178,2969,186
2025-11-26,PROD_A,Produto A,19.16,False,9,175,2184,196
2025-11-27,PROD_A,Produto A,19.87,False,7,115,2445,124
2025-11-28,PROD_A,Produto A,20.48,False,6,220,2125,248
2025-11-29,PROD_A,Produto A,19.64,False,5,154,2725,168
2025-11-30,PROD_A,Produto A,19.71,False,6,195,2645,199
2025-12-01,PROD_A,Produto A,19.32,False,7,163,1823,180
2025-12-02,PROD_A,Produto A,20.26,False,5,171,2281,198
2025-12-03,PROD_A,Produto A,21.4,False,8,228,2424,250
2025-12-04,PROD_A,Produto A,18.81,False,5,169,2023,193
2025-12-05,PROD_A,Produto A,21.74,False,8,222,2746,233
2025-12-06,PROD_A,Produto A,20.76,False,5,205,2155,225
2025-12-07,PROD_A,Produto A,21.29,False,7,215,3011,230
2025-12-08,PROD_A,Produto A,20.22,False,7,218,2855,247
2025-12-09,PROD_A,Produto A,21.12,False,5,152,2196,167
2025-12-10,PROD_A,Produto A,18.06,True,6,215,2852,243
2025-12-11,PROD_A,Produto A,21.27,False,7,238,2382,272
2025-12-12,PROD_A,Produto A,18.16,False,8,164,1736,187
2025-12-13,PROD_A,Produto A,21.56,False,8,208,2247,231
2025-12-14,PROD_A,Produto A,21.97,False,9,229,2368,241
2025-12-15,PROD_A,Produto A,19.18,False,8,245,1724,269
2025-12-16,PROD_A,Produto A,18.84,False,9,197,2114,211
2025-12-17,PROD_A,Produto A,21.06,False,5,220,1665,238
2025-12-18,PROD_A,Produto A,19.01,False,5,251,2442,272
2025-12-19,PROD_A,Produto A,21.46,False,5,244,2974,258
2025-12-20,PROD_A,Produto A,18.41,False,6,252,2859,257
2025-12-21,PROD_A,Produto A,18.5,True,6,229,2601,245
2025-12-22,PROD_A,Produto A,21.92,False,9,239,2579,264
2025-12-23,PROD_A,Produto A,20.7,False,8,248,2464,259
2025-12-24,PROD_A,Produto A,21.39,False,8,234,2068,257
2025-12-25,PROD_A,Produto A,19.3,True,5,183,2155,220
2025-12-26,PROD_A,Produto A,20.71,False,7,247,2130,281
2025-12-27,PROD_A,Produto A,20.38,True,6,218,3101,256
2025-12-28,PROD_A,Produto A,20.41,False,6,238,2159,265
2025-12-29,PROD_A,Produto A,20.73,False,5,197,1635,228
2025-12-30,PROD_A,Produto A,20.3,False,6,261,1862,279
